learning evaluation instances,evaluation time (cpu seconds),model cost (RAM-Hours),classified instances,AUC,sAUC,Accuracy,Kappa,Periodical holdout AUC,Pos/Neg ratio,G-Mean,Recall,KappaM,model training instances,model serialized size (bytes)
1000.0,0.628562073,4.6455830959225696E-7,1000.0,0.5,0.0,0.731,0.0,0.0,0.3679890560875513,0.0,0.0,-0.007490636704119856,1000.0,2763376.0
2000.0,1.930878243,7.975036758041755E-7,2000.0,1.0,1.0,0.916,0.0,0.5,0.0,?,?,0.37078651685393266,2000.0,988232.0
3000.0,3.299729978,2.7386100627815994E-6,3000.0,0.5492371323529411,0.11828490564481198,0.543,0.07467400988094279,1.0,0.47058823529411764,0.5423685121217644,0.540625,-1.3356047700170357,3000.0,5481448.0
4000.0,4.922021957,7.75995652633699E-6,4000.0,1.0,1.0,0.755,0.0,0.5492371323529411,0.0,?,?,-0.6695059625212941,4000.0,1.0691128E7
5000.0,6.435022102,1.3058111220548751E-5,5000.0,0.5302721528541545,0.2758857413598943,0.525,0.01289266090888685,1.0,0.32625994694960214,0.5073057513131416,0.47560975609756095,-1.8511404561824734,5000.0,1.3535928E7
6000.0,7.773953424,1.7908532946546597E-5,6000.0,1.0,1.0,0.683,0.0,0.5302721528541545,0.0,?,?,-1.2833133253301312,6000.0,1.400308E7
7000.0,9.03335524,2.356578487117831E-5,7000.0,0.5613944878650761,0.09364842870185011,0.56,0.09521616108442459,1.0,0.4005602240896359,0.5566346366025456,0.548951048951049,-1.752457551385166,7000.0,1.7363752E7
8000.0,10.151108692,2.940521742064294E-5,8000.0,1.0,1.0,0.832,0.0,0.5613944878650761,0.0,?,?,-0.20107238605898176,8000.0,2.0194216E7
