learning evaluation instances,evaluation time (cpu seconds),model cost (RAM-Hours),classified instances,AUC,sAUC,Accuracy,Kappa,Periodical holdout AUC,Pos/Neg ratio,G-Mean,Recall,KappaM,model training instances,model serialized size (bytes),tree size (nodes),tree size (leaves),active learning leaves,tree depth,active leaf byte size estimate,inactive leaf byte size estimate,byte size estimate overhead
1000.0,0.162430925,6.827571505370239E-10,1000.0,0.45238736974862565,0.008220799145682994,0.727,-0.007945415879016758,0.0,0.3679890560875513,0.0,0.0,-0.02247191011235957,1000.0,16248.0,1.0,1.0,1.0,0.0,0.0,0.0,1.0
2000.0,0.212354249,8.926033140035966E-10,2000.0,1.0,1.0,1.0,?,0.45238736974862565,0.0,?,?,1.0,2000.0,16248.0,1.0,1.0,1.0,0.0,0.0,0.0,1.0
3000.0,0.24922073,1.047566745492319E-9,3000.0,0.49449448529411766,0.010439104856151848,0.68,0.0,1.0,0.47058823529411764,0.0,0.0,-0.6354344122657579,3000.0,16248.0,1.0,1.0,1.0,0.0,0.0,0.0,1.0
4000.0,0.32783888,1.9354674285898606E-9,4000.0,1.0,1.0,1.0,?,0.49449448529411766,0.0,?,?,1.0,4000.0,43656.0,5.0,3.0,3.0,2.0,0.0,0.0,1.0
5000.0,0.373684041,2.5132003188733425E-9,5000.0,0.48840061676478835,0.03595327280206796,0.748,-0.011853136744724175,1.0,0.32625994694960214,0.0,0.0,-0.512605042016807,5000.0,48712.0,5.0,3.0,3.0,2.0,0.0,0.0,1.0
6000.0,0.414310808,3.0251718990753097E-9,6000.0,1.0,1.0,1.0,?,0.48840061676478835,0.0,?,?,1.0,6000.0,48712.0,5.0,3.0,3.0,2.0,0.0,0.0,1.0
7000.0,0.452228302,3.503001683573756E-9,7000.0,0.5118019235666295,0.02764799949534231,0.712,0.0019683402179032396,1.0,0.4005602240896359,0.08338963054986062,0.006993006993006993,-0.8016085790884726,7000.0,48712.0,5.0,3.0,3.0,2.0,0.0,0.0,1.0
8000.0,0.487812715,3.938321444270098E-9,8000.0,1.0,1.0,1.0,?,0.5118019235666295,0.0,?,?,1.0,8000.0,47288.0,7.0,4.0,4.0,3.0,0.0,0.0,1.0
